{"cameraMode":{"drawMode":0,"name":"Shaded","section":"Shading Mode"},"sceneLighting":true,"audioPlay":false,"sceneViewState":{"showFog":true,"showMaterialUpdate":false,"showSkybox":true,"showFlares":true,"showImageEffects":true,"showParticleSystems":true},"in2DMode":false,"pivot":{"x":3.2218008041381838,"y":3.1921472549438478,"z":-7.166053771972656},"rotation":{"x":-0.2613416016101837,"y":0.43830209970474245,"z":-0.1348627507686615,"w":-0.8493549823760986},"size":15.092714309692383,"orthographic":false}