{"cameraMode":{"drawMode":0,"name":"Shaded","section":"Shading Mode"},"sceneLighting":false,"audioPlay":false,"sceneViewState":{"showFog":true,"showMaterialUpdate":false,"showSkybox":true,"showFlares":true,"showImageEffects":true,"showParticleSystems":true},"in2DMode":false,"pivot":{"x":-0.000039458274841308594,"y":2.8566524982452394,"z":-0.00022554397583007813},"rotation":{"x":-0.28339841961860659,"y":0.498309463262558,"z":-0.17649468779563905,"w":-0.8001391887664795},"size":10.200084686279297,"orthographic":false}