{"cameraMode":{"drawMode":0,"name":"Shaded","section":"Shading Mode"},"sceneLighting":false,"audioPlay":false,"sceneViewState":{"showFog":true,"showMaterialUpdate":false,"showSkybox":true,"showFlares":true,"showImageEffects":true,"showParticleSystems":true},"in2DMode":false,"pivot":{"x":-11.47591781616211,"y":-0.7799999713897705,"z":13.434558868408204},"rotation":{"x":-0.2090589553117752,"y":0.7149357795715332,"z":-0.24010008573532105,"w":-0.6225056052207947},"size":12.87589168548584,"orthographic":false}