{"cameraMode":{"drawMode":0,"name":"Shaded","section":"Shading Mode"},"sceneLighting":false,"audioPlay":false,"sceneViewState":{"showFog":true,"showMaterialUpdate":false,"showSkybox":true,"showFlares":true,"showImageEffects":true,"showParticleSystems":true},"in2DMode":false,"pivot":{"x":-6.652689456939697,"y":-0.5972142219543457,"z":2.199044942855835},"rotation":{"x":-0.2090589553117752,"y":0.7149357795715332,"z":-0.24010008573532105,"w":-0.6225056052207947},"size":13.610295295715332,"orthographic":false}