{"cameraMode":{"drawMode":0,"name":"Shaded","section":"Shading Mode"},"sceneLighting":false,"audioPlay":false,"sceneViewState":{"showFog":true,"showMaterialUpdate":false,"showSkybox":true,"showFlares":true,"showImageEffects":true,"showParticleSystems":true},"in2DMode":false,"pivot":{"x":11.05396842956543,"y":15.758495330810547,"z":10.180816650390625},"rotation":{"x":-0.05374224856495857,"y":0.8242215514183044,"z":0.07936853915452957,"w":0.558096170425415},"size":38.630035400390628,"orthographic":false}