{"cameraMode":{"drawMode":0,"name":"Shaded","section":"Shading Mode"},"sceneLighting":true,"audioPlay":false,"sceneViewState":{"showFog":true,"showMaterialUpdate":false,"showSkybox":true,"showFlares":true,"showImageEffects":true,"showParticleSystems":true},"in2DMode":false,"pivot":{"x":-74.40856170654297,"y":-138.48182678222657,"z":-37.821346282958987},"rotation":{"x":0.4753253757953644,"y":-0.38016268610954287,"z":0.23881973326206208,"w":0.7566421627998352},"size":471.1177978515625,"orthographic":false}