{"cameraMode":{"drawMode":0,"name":"Shaded","section":"Shading Mode"},"sceneLighting":true,"audioPlay":false,"sceneViewState":{"showFog":true,"showMaterialUpdate":false,"showSkybox":true,"showFlares":true,"showImageEffects":true,"showParticleSystems":true},"in2DMode":false,"pivot":{"x":-21.73000144958496,"y":4.309999942779541,"z":0.75},"rotation":{"x":0.27663686871528628,"y":-0.7185185551643372,"z":0.39937931299209597,"w":0.49769917130470278},"size":8.839285850524903,"orthographic":true}