{"cameraMode":{"drawMode":0,"name":"Shaded","section":"Shading Mode"},"sceneLighting":true,"audioPlay":false,"sceneViewState":{"showFog":true,"showMaterialUpdate":false,"showSkybox":true,"showFlares":true,"showImageEffects":true,"showParticleSystems":true},"in2DMode":false,"pivot":{"x":-19.109085083007814,"y":5.260416507720947,"z":1.944382667541504},"rotation":{"x":-0.1717444658279419,"y":-0.3295435905456543,"z":0.06109708175063133,"w":-0.9263847470283508},"size":63.92074966430664,"orthographic":true}