{"cameraMode":{"drawMode":0,"name":"Shaded","section":"Shading Mode"},"sceneLighting":false,"audioPlay":false,"sceneViewState":{"showFog":true,"showMaterialUpdate":false,"showSkybox":true,"showFlares":true,"showImageEffects":true,"showParticleSystems":true},"in2DMode":false,"pivot":{"x":-6.3135528564453129,"y":-1.3372244834899903,"z":1.3575553894042969},"rotation":{"x":-0.063042551279068,"y":-0.6037495732307434,"z":0.047983936965465549,"w":-0.7932274341583252},"size":4.53639030456543,"orthographic":false}