{"cameraMode":{"drawMode":0,"name":"Shaded","section":"Shading Mode"},"sceneLighting":true,"audioPlay":false,"sceneViewState":{"showFog":true,"showMaterialUpdate":false,"showSkybox":true,"showFlares":true,"showImageEffects":true,"showParticleSystems":true},"in2DMode":false,"pivot":{"x":-19.109085083007814,"y":5.260416507720947,"z":1.944382667541504},"rotation":{"x":-0.2626175284385681,"y":0.023376135155558587,"z":-0.006362167652696371,"w":-0.9646040797233582},"size":5.118890762329102,"orthographic":true}