{"cameraMode":{"drawMode":0,"name":"Shaded","section":"Shading Mode"},"sceneLighting":true,"audioPlay":false,"sceneViewState":{"showFog":true,"showMaterialUpdate":false,"showSkybox":true,"showFlares":true,"showImageEffects":true,"showParticleSystems":true},"in2DMode":false,"pivot":{"x":-19.999990463256837,"y":4.210000038146973,"z":-5.630864143371582},"rotation":{"x":0.3809016942977905,"y":-0.06556989252567291,"z":0.027091456577181817,"w":0.9218897223472595},"size":59.49763107299805,"orthographic":false}