{"cameraMode":{"drawMode":0,"name":"Shaded","section":"Shading Mode"},"sceneLighting":true,"audioPlay":false,"sceneViewState":{"showFog":true,"showMaterialUpdate":false,"showSkybox":true,"showFlares":true,"showImageEffects":true,"showParticleSystems":true},"in2DMode":false,"pivot":{"x":-25.4351863861084,"y":5.079100608825684,"z":3.296553134918213},"rotation":{"x":0.09412599354982376,"y":-0.7868061661720276,"z":0.1239984929561615,"w":0.5972529649734497},"size":12.88721752166748,"orthographic":true}