{"cameraMode":{"drawMode":0,"name":"Shaded","section":"Shading Mode"},"sceneLighting":false,"audioPlay":false,"sceneViewState":{"showFog":true,"showMaterialUpdate":false,"showSkybox":true,"showFlares":true,"showImageEffects":true,"showParticleSystems":true},"in2DMode":false,"pivot":{"x":-28.972864151000978,"y":2.2042617797851564,"z":-5.121884822845459},"rotation":{"x":-0.0841761976480484,"y":0.62374347448349,"z":-0.06782462447881699,"w":-0.7741276621818543},"size":32.920555114746097,"orthographic":true}