{"cameraMode":{"drawMode":0,"name":"Shaded","section":"Shading Mode"},"sceneLighting":true,"audioPlay":false,"sceneViewState":{"showFog":true,"showMaterialUpdate":false,"showSkybox":true,"showFlares":true,"showImageEffects":true,"showParticleSystems":true},"in2DMode":false,"pivot":{"x":-11.861993789672852,"y":15.575496673583985,"z":3.7473716735839845},"rotation":{"x":0.12545916438102723,"y":-0.1751345843076706,"z":0.02250634878873825,"w":0.9762589335441589},"size":47.10992431640625,"orthographic":false}