{"cameraMode":{"drawMode":0,"name":"Shaded","section":"Shading Mode"},"sceneLighting":true,"audioPlay":false,"sceneViewState":{"showFog":true,"showMaterialUpdate":false,"showSkybox":true,"showFlares":true,"showImageEffects":true,"showParticleSystems":true},"in2DMode":false,"pivot":{"x":7.486782073974609,"y":-0.13394689559936524,"z":-2.482891082763672},"rotation":{"x":0.015223953872919083,"y":0.9699355363845825,"z":-0.23459561169147492,"w":0.06294094026088715},"size":10.0,"orthographic":false}