{"cameraMode":{"drawMode":0,"name":"Shaded","section":"Shading Mode"},"sceneLighting":true,"audioPlay":false,"sceneViewState":{"showFog":true,"showMaterialUpdate":false,"showSkybox":true,"showFlares":true,"showImageEffects":true,"showParticleSystems":true},"in2DMode":false,"pivot":{"x":-44.37821960449219,"y":4.674501419067383,"z":-120.03936004638672},"rotation":{"x":-0.03150469437241554,"y":0.7570242881774902,"z":-0.036598868668079379,"w":-0.6516036987304688},"size":18.29937171936035,"orthographic":false}